nan,nan,nan,nan,nan,nan,nan,1.127535987938581785e+00,9.582347846047124529e-01,1.236891848018743856e+00,1.025628733952080207e+00,7.762919498219879033e-01,1.028255360657876150e+00,1.009622190908225026e+00,6.687342006190648558e-01,9.854474234130577992e-01,nan,nan,nan,4.608433247526625975e-01,6.571540260854839000e-01
nan,nan,nan,nan,nan,nan,nan,1.271202142788919076e+00,1.285944122393777977e+00,1.532593442078737267e+00,1.140851044150970717e+00,1.091576936800789266e+00,1.288738812771742959e+00,9.897499264957128062e-01,8.195563177026098378e-01,8.496893014251513110e-01,1.877064771248373315e-02,8.140149794681177386e-01,1.673407336539847634e+00,1.169796915640980206e+00,1.113198772008798354e+00
nan,nan,nan,nan,nan,nan,nan,9.817583331316596107e-01,1.167739341836107281e+00,1.018258278193812094e+00,1.023894043307953750e+00,1.264358043914322050e+00,1.135939257620906861e+00,1.090641676764659396e+00,1.451996977994829408e+00,1.452164569920219472e+00,8.918546845124282196e-01,2.140582881407053328e+00,1.092032037892431751e+00,1.309543963074900841e+00,1.200306618398886638e+00
nan,nan,nan,nan,nan,nan,nan,8.547923295564344714e-01,9.305553265772764648e-01,7.778827265277337144e-01,8.192432036283066044e-01,8.919524055722501954e-01,6.718261442291690866e-01,8.215375865842453607e-01,9.194363067781535781e-01,5.856293200450088943e-01,5.945427268715988145e-01,1.580922698428657069e+00,1.244526253640481750e+00,1.193666008593948336e+00,1.056662010515177608e+00
nan,nan,nan,nan,nan,nan,nan,1.125252793109912997e+00,1.207746745010742195e+00,1.144450749898662245e+00,1.102404261399210883e+00,1.188570276933576864e+00,1.095639315209844256e+00,1.027636384092858846e+00,1.086432970171373080e+00,8.590350213202478935e-01,6.273306743979794042e-01,9.854475708864773864e-01,6.675629740493645992e-01,9.626599591375225584e-01,1.004551863464377970e+00
nan,nan,nan,nan,nan,nan,nan,1.041892123287671224e+00,1.076309429922968741e+00,1.083738445288564334e+00,9.920705525983001261e-01,1.010084334797742844e+00,9.783952347375592939e-01,1.034796772593773451e+00,1.086560725727154120e+00,1.115006391224415916e+00,1.437314747063857201e+00,1.676483009610688635e+00,1.000232205956587572e+00,1.176890222345375436e+00,1.194752276335828700e+00
nan,nan,nan,nan,nan,nan,nan,1.204034174499737375e+00,1.149647380495531612e+00,1.033905117067356105e+00,1.228260507472169527e+00,1.175446697203029744e+00,1.045737184468396697e+00,1.254795683476727541e+00,1.201601694618089411e+00,1.022224384301051892e+00,1.857022503309309958e+00,7.066449426640093456e-01,8.353518264013271022e-01,1.038348814224328898e+00,1.131667645010256740e+00
nan,nan,nan,nan,nan,nan,nan,1.213098659669849644e+00,1.447516698857489903e+00,1.321221185354066074e+00,1.195116541148730782e+00,1.464156223929456990e+00,1.316102037522231649e+00,1.160318434601192772e+00,1.495063739444499440e+00,1.292680987148791649e+00,5.260197087807030325e-01,8.744001750536694040e-01,7.486632961718918677e-01,9.475111283167114706e-01,9.931672993005584704e-01
nan,nan,nan,nan,nan,nan,nan,8.663852624727423901e-01,6.599926191493760141e-01,7.657452123931129950e-01,8.892706743030972527e-01,6.557737549302145030e-01,7.941644299880017410e-01,9.128934531625744198e-01,6.181921204721724239e-01,8.179079349233074892e-01,5.127859979408736502e-01,1.580555440561591141e+00,1.385038509308552435e+00,1.248800345052504701e+00,1.053637846489614116e+00
nan,nan,nan,nan,nan,nan,nan,1.471264138814845079e+00,1.688454944469303554e+00,1.372040560727920022e+00,1.598664834475149954e+00,1.923073693931951933e+00,1.660411281606876566e+00,1.744123232917206501e+00,2.279795186397285622e+00,2.233149247668680282e+00,6.251376514165583043e-01,1.823905506993817482e+00,5.040824082932519046e-01,1.319150069740654407e+00,1.198507465870762401e+00
nan,nan,nan,nan,nan,nan,nan,7.299389019458564221e-01,7.821944969326741770e-01,9.109599439879132454e-01,6.715323955600792649e-01,7.023761538899039314e-01,8.259274318834797235e-01,7.122510114245264035e-01,7.801395571213682878e-01,1.033723693093642426e+00,8.967786773438998216e-01,6.486405589393071658e-01,1.324388016539407964e+00,7.731277871609677499e-01,8.305846978722355445e-01
nan,nan,nan,nan,nan,nan,nan,9.793546660958906136e-01,9.778358868701444440e-01,8.057321428180922451e-01,9.360607887539335037e-01,9.135563797763017746e-01,6.408853144831289095e-01,9.955737495582656083e-01,1.003520791702350312e+00,6.306585252822578536e-01,1.358959731127454162e+00,5.900345573464659266e-01,9.198653878512536020e-01,9.370304900771088130e-01,9.943105105688950784e-01
nan,nan,nan,nan,nan,nan,nan,1.159862192373695811e+00,1.084132819801985059e+00,9.853286746285798703e-01,1.220923619174059782e+00,1.160473925476813717e+00,1.084941984611517585e+00,1.208418424099118260e+00,1.120293657295687861e+00,9.599954314334301353e-01,1.010633328430651456e+00,1.266753996368819246e+00,8.604188476480131298e-01,1.177023324653080349e+00,1.125218217309423840e+00
nan,nan,nan,nan,nan,nan,nan,7.869457933235320946e-01,8.643582923996602219e-01,9.669614160039836648e-01,7.350215040266371291e-01,8.007262347039438843e-01,8.941266117826353055e-01,7.599636054448797307e-01,8.653455223189667755e-01,1.101540961221015191e+00,3.559665632195414542e-01,1.176664565586155176e+00,1.684258810269583018e+00,1.055619903311429075e+00,9.438102288509663262e-01
nan,nan,nan,nan,nan,nan,nan,1.066891168746074037e+00,8.640109977210673753e-01,5.354754605391212063e-01,1.092172604562845706e+00,8.639836044544595417e-01,4.384248318555680202e-01,1.243674692997065456e+00,1.037256255200048605e+00,5.147023240467347716e-01,1.529264891895867118e+00,5.211797197958496497e-01,5.769599063273680439e-01,1.002449412215754787e+00,9.221280946747973939e-01
nan,nan,nan,nan,nan,nan,nan,8.404686730742348955e-01,8.224296694976837019e-01,6.711781457442408394e-01,8.402727729944010626e-01,8.188129391905388799e-01,6.224494742160214811e-01,8.602563724566887338e-01,8.444878689444340614e-01,5.482102217446848114e-01,1.009171937049565981e+00,1.812050316101980751e+00,5.817146523908517386e-01,1.097273500166800364e+00,9.401457456060489104e-01
nan,nan,nan,nan,nan,nan,nan,7.280363152405819882e-01,6.284451116920766189e-01,6.166031617349007066e-01,6.507359197552071706e-01,4.900406287942669081e-01,3.983401932541341117e-01,6.403500958685124367e-01,4.266991548105590337e-01,2.337628557149662445e-01,9.368960992484790529e-01,1.128258296755340062e+00,6.505289059130919815e-01,8.806927561021647977e-01,8.524852892016021588e-01
nan,nan,nan,nan,nan,nan,nan,9.487009254283909065e-01,8.326839250071643717e-01,7.825632629657015560e-01,9.403502744984044703e-01,7.976827655689187058e-01,7.083775344021274734e-01,9.695747876322083902e-01,7.981692369002620913e-01,6.437553475589202767e-01,4.016918610471518769e-01,7.737205810105580728e-01,6.676015359815472561e-01,8.988712563014331636e-01,8.924163649668362952e-01
nan,nan,nan,nan,nan,nan,nan,7.716063987065905350e-01,6.929274457310909963e-01,8.821861903845952257e-01,7.592399698724453527e-01,6.601267939011788988e-01,8.895041594477456348e-01,7.411321431469333199e-01,5.981649606788673745e-01,9.253200111676072037e-01,9.732054713928518508e-01,8.504876072647273855e-01,8.931315005647811889e-01,7.833606769601521025e-01,8.873151917447323900e-01
nan,nan,nan,nan,nan,nan,nan,9.755636361534795187e-01,7.595427930812769235e-01,7.490693234081556851e-01,1.011808083902151933e+00,7.733058071462538541e-01,7.717518353591287239e-01,1.007933574255637899e+00,6.891239691551456215e-01,6.021497643804094579e-01,1.054637446683335700e+00,8.743185621943214691e-01,5.094425122258992022e-01,9.105225454219547654e-01,9.326712854670772268e-01
nan,nan,nan,nan,nan,nan,nan,7.719856658685199102e-01,7.963126183377360334e-01,8.073557771546284734e-01,6.687090245351068329e-01,6.480560481556062458e-01,5.711418729733093169e-01,6.716771228506382974e-01,6.461687796263296812e-01,5.203064323725242746e-01,1.218962788645388873e+00,5.618229237511163099e-01,3.089063422524099822e-01,5.702406529608292640e-01,6.927754949760676073e-01
nan,nan,nan,nan,nan,nan,nan,1.227561380778089850e+00,1.384168202230234401e+00,1.367897842971770972e+00,1.240929436684603981e+00,1.432822755008022364e+00,1.448750116810345601e+00,1.299774290677447208e+00,1.591685022904121505e+00,1.806449293141228152e+00,6.410636858361522528e-01,1.481518235742884215e+00,1.025313441129628522e+00,1.181968205876348765e+00,1.195499789263517298e+00
nan,nan,nan,nan,nan,nan,nan,9.655532962328767788e-01,1.114877103742122788e+00,1.257240077764000707e+00,9.728271525061512603e-01,1.157605970592334499e+00,1.376580233837729317e+00,8.667284352068799214e-01,1.047546547403812367e+00,1.305872287549080024e+00,4.006424168764649574e-01,1.099625047282235757e+00,7.348510853104492924e-01,8.074863602052416711e-01,8.720796474514759256e-01
nan,nan,nan,nan,nan,nan,nan,8.754371054041235611e-01,8.458657725100092728e-01,6.061369015228487145e-01,9.019964786186174255e-01,8.796923972627224142e-01,5.917614600318724660e-01,9.959085768811567485e-01,1.025987491193787626e+00,7.071100432321762996e-01,1.664362406236211123e-02,8.345322932622080137e-01,1.572565694052350249e+00,1.177056000079665710e+00,8.825783958815343055e-01
nan,nan,nan,nan,nan,nan,nan,1.278168262418200030e+00,1.250848734412391750e+00,1.089447437183392875e+00,1.338185862961876582e+00,1.334574455141617655e+00,1.182695378108217232e+00,1.357920696421570428e+00,1.365668204233995153e+00,1.155730589937309150e+00,1.068520664803647602e+00,7.778929688747480142e-01,5.182673209197249387e-01,1.007514103336503375e+00,1.021543507852003208e+00
nan,nan,nan,nan,nan,nan,nan,5.915598680621438898e-01,6.364260252691065212e-01,9.183994507401428420e-01,6.336612339545607542e-01,7.087714879415654146e-01,1.128857943990397628e+00,4.979704870354330071e-01,5.053719291042223505e-01,1.001054387375007515e+00,6.591500650715788057e-01,1.325529982109917571e+00,8.438593502221406473e-01,6.936211542744254999e-01,8.615352450115526528e-01
nan,nan,nan,nan,nan,nan,nan,1.000039010336655654e+00,9.812980405236598758e-01,8.445335106669780156e-01,1.038553601128402226e+00,1.034803583010710515e+00,8.946073348401659686e-01,1.069713064312902473e+00,1.084534856661959479e+00,9.117767493802825252e-01,1.321503750551551670e+00,8.638721161977870322e-01,1.140416333834442186e+00,1.070087545247685901e+00,1.025427171126937154e+00
nan,nan,nan,nan,nan,nan,nan,7.887857875561276044e-01,9.117417751663086101e-01,9.366444337988724111e-01,8.201780720315173800e-01,9.839698016533420244e-01,1.056186779084977267e+00,7.842316220764791179e-01,9.696996170359440947e-01,1.067757180057457900e+00,1.054779600537319340e+00,1.318572168430090397e+00,5.048984044037442276e-01,8.237170836020709652e-01,8.563088110502207195e-01
nan,nan,nan,nan,nan,nan,nan,9.923769263698630771e-01,6.708643363065377452e-01,7.577157152822880937e-01,1.012429050377907647e+00,6.316203902317170105e-01,7.240738391458401146e-01,1.050663566361090373e+00,5.619627620769499510e-01,6.458192225622952920e-01,1.245377202882194778e+00,5.917532436531632856e-01,1.450890122833585760e+00,1.120856703326102988e+00,1.042585031809295515e+00
nan,nan,nan,nan,nan,nan,nan,5.332689543473689842e-01,5.231725649701607361e-01,3.988471578820299013e-01,5.692046483051128591e-01,5.755934764813299687e-01,4.461045784836667472e-01,6.170188250439040401e-01,6.585192073133915303e-01,5.289308339167033690e-01,7.579587546300931011e-01,6.479709123942122284e-01,9.401858380404439774e-01,7.323887532672618272e-01,6.661361585380163319e-01
nan,nan,nan,nan,nan,nan,nan,1.063667397869674236e+00,9.968155814575786478e-01,7.989122890609791083e-01,1.061204110932451039e+00,9.808427231097701648e-01,7.163754861684058506e-01,1.053014521859544583e+00,9.412207243249104405e-01,4.598871394851056782e-01,2.005353728489483789e+00,1.215378701409300266e+00,7.005833039779445492e-01,1.111618012437823433e+00,1.076876159528153964e+00
nan,nan,nan,nan,nan,nan,nan,7.937429587245354856e-01,8.818721489562183491e-01,5.036276788858877751e-01,7.417082193461477235e-01,8.211682066530895385e-01,2.919154248123663753e-01,7.879358208711557676e-01,9.226997854631349139e-01,1.457651925989221775e-01,7.664185909692601550e-02,7.375762163568729823e-01,6.199808487097686616e-01,8.503453014603736815e-01,7.179429063298620184e-01
nan,nan,nan,nan,nan,nan,nan,1.139090994138696855e+00,1.045640796066589884e+00,7.853763222108477438e-01,1.142620821000237985e+00,1.033625949279435075e+00,6.904113573137269366e-01,1.227453739091914020e+00,1.136778408601876400e+00,6.786808687044730837e-01,1.171142815119870617e+00,1.379420548698629956e+00,6.979967221194094407e-01,1.225230470675515937e+00,1.139893371159789170e+00
nan,nan,nan,nan,nan,nan,nan,9.060190600836739439e-01,9.702668702922374599e-01,1.222882411467737906e+00,9.820876425202363924e-01,1.099911472255949096e+00,1.500076718592367131e+00,8.999329623604750417e-01,9.942722173952409648e-01,1.515309954612275467e+00,1.013868647210451668e+00,1.066326781786423927e+00,5.665229192562339922e-01,7.416140002250325436e-01,8.550958741674864472e-01
nan,nan,nan,nan,nan,nan,nan,6.535026044817818791e-01,6.491800534414167156e-01,8.512883011418974633e-01,6.598080709021284518e-01,6.577084389173099011e-01,9.301226770982262693e-01,5.249550981481017065e-01,4.364972473613241144e-01,6.624523050110407985e-01,6.788974849242536136e-01,7.583058826312460976e-01,8.173979052656124011e-01,6.480735190874281626e-01,7.044646847675086754e-01
nan,nan,nan,nan,nan,nan,nan,7.787619058283248297e-01,8.803274967122242112e-01,7.540034867628819804e-01,7.347410192180973132e-01,8.339539443069368119e-01,6.430690612745846302e-01,6.873522612721253422e-01,7.888413734184680504e-01,4.246279579353463562e-01,3.462685689071922090e-01,9.781301192848822212e-02,1.486713999130088171e+00,8.115051110591069428e-01,7.452240491709970494e-01
nan,nan,nan,nan,nan,nan,nan,8.186355267858335116e-01,8.555065330673522483e-01,9.881255800596013827e-01,8.653973497826964456e-01,9.314662230912943430e-01,1.157110539316488440e+00,8.704051291060737050e-01,9.612199911380018280e-01,1.384973646139138426e+00,6.555152228268862347e-01,5.886327480469096818e-01,3.866939878510036177e-01,5.652413126932518406e-01,7.301987289597765551e-01
nan,nan,nan,nan,nan,nan,nan,9.915977219683329569e-01,1.015145878058713258e+00,1.254768299859667202e+00,9.810136951911577752e-01,1.003673152404340518e+00,1.312445526851838018e+00,9.596123741487408987e-01,9.752959693423665088e-01,1.478562230461424098e+00,1.149514465912503614e+00,1.148244361843141936e+00,1.075003604052265471e+00,9.398429583250309527e-01,9.730976910095940902e-01
nan,nan,nan,nan,nan,nan,nan,9.863154900782490353e-01,9.344301503895633410e-01,9.077023989387184022e-01,9.234781519809149852e-01,8.275662536196223273e-01,7.338823827260415600e-01,9.996315273799534218e-01,9.292763393020238016e-01,8.719528411897253806e-01,1.234646722922685180e+00,8.844489867452773879e-01,1.076337485096775959e+00,1.009120583658329018e+00,1.023620216387360227e+00
nan,nan,nan,nan,nan,nan,nan,8.038045804794521354e-01,6.810779866093989998e-01,8.449356085208000744e-01,8.208074777715691495e-01,6.799078996671136244e-01,9.002310054786355487e-01,8.328715541024109825e-01,6.507120880515113726e-01,9.992819421174049532e-01,8.769796485309985234e-01,3.436895200531764893e-01,1.853336698637052082e+00,9.641094241187878611e-01,8.936192389531557589e-01
nan,nan,nan,nan,nan,nan,nan,7.645520294947042439e-01,7.821444287893756231e-01,8.502592510304838314e-01,8.299215042327264813e-01,8.820686938990459636e-01,1.038427230527902756e+00,7.990909248185468217e-01,8.486718159764615743e-01,1.085620859736546207e+00,1.487939991175172949e+00,1.422512138434334439e+00,1.101655643924922989e+00,1.002852409143642376e+00,9.640143580941272772e-01
nan,nan,nan,nan,nan,nan,nan,1.065947247124480191e+00,8.863543808666709545e-01,8.225166362360610828e-01,1.015988953999220401e+00,7.761475977583275343e-01,6.190241400090642498e-01,1.119611738435987602e+00,8.689804807162035960e-01,7.028010405593437815e-01,8.930323355691259790e-01,4.938010400348532558e-01,6.829744570986724383e-01,9.285651113452968453e-01,9.018567073365864051e-01
nan,nan,nan,nan,nan,nan,nan,1.135184542370824223e+00,1.239911886339973179e+00,1.158235479246341848e+00,1.177982916344035846e+00,1.322524738569817560e+00,1.274069802364391490e+00,9.807451404756051261e-01,1.047158263175846926e+00,6.772798416230255691e-01,7.396264156493601027e-02,6.373964315072949693e-02,8.746450478699564490e-01,7.673606097421317163e-01,8.838453614417176585e-01
nan,nan,nan,nan,nan,nan,nan,1.098168067366516842e+00,1.213049140993269770e+00,1.189238912090210487e+00,1.175196036292815771e+00,1.348159301398830445e+00,1.408786736541324469e+00,1.230694518526171510e+00,1.495370562226848055e+00,1.772240881902554133e+00,1.165540814825709592e+00,1.388397963226901677e+00,1.284694348384792129e+00,1.193655116785086623e+00,1.130706279183183005e+00
nan,nan,nan,nan,nan,nan,nan,7.237948799103525177e-01,7.480651256697642415e-01,5.238884180270479973e-01,7.381111392949685213e-01,7.748291884379797656e-01,4.978844848154725944e-01,8.188033546947444119e-01,9.219855677668478133e-01,6.235829122377346545e-01,9.367197589324148810e-01,6.535950801368204388e-01,7.338880292230030022e-01,7.877087930566990526e-01,7.389925706257761684e-01
nan,nan,nan,nan,nan,nan,nan,1.004579971064615052e+00,1.216436482838023414e+00,8.836746088032474411e-01,1.049562982684469015e+00,1.325336355813026001e+00,9.579952885395965900e-01,1.104976836216555736e+00,1.513354346049649690e+00,1.091558851236312355e+00,8.714836319951946297e-01,1.961188717197653031e-01,1.123835235836074586e+00,9.038724443966129618e-01,9.017479033906294905e-01
nan,nan,nan,nan,nan,nan,nan,6.767516815080527603e-01,6.472270448570562884e-01,7.837667822929956785e-01,5.388773829652566683e-01,4.378694562967204162e-01,4.852154332576918971e-01,5.043676203736350283e-01,3.484670018074651487e-01,3.352541053646816427e-01,1.143619944109427911e+00,8.521606708813599385e-01,6.606814750131891900e-01,6.761526023332120605e-01,8.239669137355620787e-01
nan,nan,nan,nan,nan,nan,nan,7.610754138436847116e-01,8.227314980970847902e-01,8.042422409200952194e-01,6.547319679516919733e-01,6.768239578767624165e-01,5.629354152476604423e-01,6.393204987096582359e-01,6.588321926432663123e-01,4.530571324630496277e-01,8.270663332843065652e-01,9.190424091169844267e-01,1.242966696931658843e+00,9.249324085461488876e-01,8.740534366599986837e-01
nan,nan,nan,nan,nan,nan,nan,1.003730544046101514e+00,9.773565141079507690e-01,1.059209195448011398e+00,1.031003431193719067e+00,1.012828096418160628e+00,1.146766264872393304e+00,1.001196164379155595e+00,9.581517633145149038e-01,1.135182192742747453e+00,6.987886453890277405e-01,2.057990667746953051e+00,1.570283415941877925e+00,1.426467531206588202e+00,1.258020401328849625e+00
nan,nan,nan,nan,nan,nan,nan,6.957276818432527321e-01,7.520680965902246662e-01,7.654549674898939449e-01,7.074267509609860616e-01,7.797617634944957743e-01,8.182665894427435527e-01,6.144688374690633337e-01,6.513568739460439128e-01,5.839364123215933233e-01,1.719814090307398180e+00,4.667439426107835576e-01,3.899652531426803792e-01,5.196699844153774839e-01,7.121810780285252607e-01
nan,nan,nan,nan,nan,nan,nan,1.330190496575342607e+00,1.499274713053226904e+00,1.528594015495942315e+00,1.273505278945975316e+00,1.451755029043825473e+00,1.461379601301655118e+00,1.250330372600900741e+00,1.475687505947283151e+00,1.518320661224365153e+00,3.621904183150819190e-01,8.207681940205875382e-01,3.919030792529025753e-01,8.445522038659618591e-01,9.779381743948674099e-01
nan,nan,nan,nan,nan,nan,nan,9.521502100237059230e-01,8.837186297996137974e-01,8.219735659167587416e-01,1.002309941686769124e+00,9.452823902600074879e-01,9.078480061286077207e-01,1.087400897330401905e+00,1.065818666938689763e+00,1.143529979103038219e+00,5.161147227533460224e-01,1.671880230171919335e+00,1.047679766612255925e+00,1.227256347123815594e+00,1.050645515769582872e+00
nan,nan,nan,nan,nan,nan,nan,7.362713414535033696e-01,7.406163644364746057e-01,8.196252207907125387e-01,8.003606694037131986e-01,8.362040659006237941e-01,1.003842872969811229e+00,7.731305758767587077e-01,8.033736161097102535e-01,1.059585106472981986e+00,1.570914546256802380e+00,1.193343229385360749e+00,8.168653737065023623e-01,8.484174512918307709e-01,9.897420356252889517e-01
nan,nan,nan,nan,nan,nan,nan,1.170568177756318384e+00,1.220096631958933919e+00,1.163348221695764462e+00,1.130459743537230555e+00,1.168965010599668286e+00,1.060247924417417220e+00,1.132544519758746926e+00,1.185672708828963806e+00,1.016178796442738896e+00,2.500926018620482250e+00,9.538287557586601073e-01,6.157031833610735472e-01,9.659006027851508858e-01,1.170788060580330470e+00
nan,nan,nan,nan,nan,nan,nan,8.994573589929841795e-01,1.151582634456397747e+00,7.293590558895429732e-01,8.602785905049452619e-01,1.140138714438540202e+00,5.861065900024337028e-01,9.460517437951866393e-01,1.371748873920541678e+00,6.981784955879491994e-01,7.237134872775408123e-01,1.128542619063108265e+00,1.237527267435033496e+00,1.129426119926906669e+00,9.560178317444268936e-01
nan,nan,nan,nan,nan,nan,nan,1.151380034744127423e+00,9.722558434499003477e-01,8.964513394995761164e-01,1.235684562702482614e+00,1.067331778739987858e+00,1.021103366795425682e+00,1.299715441628030321e+00,1.127882356491725302e+00,1.108299260878587100e+00,9.415691176241772764e-01,7.037093925197758226e-01,8.797772760711296547e-01,1.052111033299291565e+00,1.007470300430956200e+00
nan,nan,nan,nan,nan,nan,nan,1.173965111301369824e+00,9.772350839111526577e-01,8.636418307342749179e-01,1.214213941907086536e+00,9.945532645115041648e-01,8.522125486424370067e-01,1.390390537534781590e+00,1.207631553906175492e+00,1.193590442191247769e+00,3.156288368285937729e+00,1.497500927282676475e+00,1.032125189298334078e+00,1.353462262438250407e+00,1.306178240065670959e+00
nan,nan,nan,nan,nan,nan,nan,7.705549347488898082e-01,7.547473843508514246e-01,6.777285690573553456e-01,8.132129195927777499e-01,8.162374325714164547e-01,7.551982947103148547e-01,8.839347440858846827e-01,9.366921476042685546e-01,9.689301425151459757e-01,2.015517068775653176e+00,1.198612359915091741e+00,1.149548510543491053e+00,1.016147438882359477e+00,1.011115069773197206e+00
nan,nan,nan,nan,nan,nan,nan,1.397182297831639275e+00,1.139207661880950129e+00,1.116809615786874987e+00,1.362044968706505710e+00,1.039661322152221512e+00,9.517077297715714757e-01,1.468073083718592020e+00,1.107825495140245753e+00,1.043706799549911635e+00,1.529589645536108267e-01,2.177023023105901789e-01,1.032388503272092306e+00,1.096445722693301539e+00,1.021766340990728938e+00
nan,nan,nan,nan,nan,nan,nan,1.047573827965137649e+00,7.950520400696488021e-01,7.549797650737101185e-01,1.095784173608814527e+00,8.197802811840864123e-01,7.867165523882531097e-01,1.112525466312828781e+00,7.570712689552723251e-01,6.406780091202125549e-01,8.864962494484482924e-01,1.221214020852676940e+00,1.233723470584246584e+00,1.270104723186233686e+00,1.136608174028861384e+00
nan,nan,nan,nan,nan,nan,nan,8.814421688013387435e-01,1.021618790478956429e+00,1.238316686634546970e+00,9.192580724052561436e-01,1.103400747857502529e+00,1.443371094099416219e+00,7.566878844313686958e-01,8.976518892313970488e-01,1.259289841707628810e+00,9.636252390057360451e-01,6.269499855107605324e-01,8.203268288407183917e-01,6.504697170370294934e-01,8.523431222870067048e-01
nan,nan,nan,nan,nan,nan,nan,1.117545499195552905e+00,9.636486941216059199e-01,8.625478129491102042e-01,1.135864208035396228e+00,9.619837633193450976e-01,8.295140260766494800e-01,1.255978772976799496e+00,1.115974096317604358e+00,1.043461741918325414e+00,2.060624763366855294e+00,9.917076753725245775e-01,1.991045381903046696e+00,1.396337748112277843e+00,1.257495381314542637e+00
nan,nan,nan,nan,nan,nan,nan,9.962336964786306925e-01,1.207172360616694418e+00,1.245308950212100196e+00,9.655686250931327930e-01,1.200723764077905154e+00,1.251726169565145819e+00,1.014039884979133443e+00,1.356742450565669555e+00,1.625483295120940141e+00,2.019480511839976344e+00,2.709546930351113270e-01,7.916842385542925964e-01,6.432593395705017425e-01,9.092865392230889965e-01
nan,nan,nan,nan,nan,nan,nan,1.069141487240188315e+00,9.943831980388749825e-01,7.749538915952493001e-01,1.130506424042893476e+00,1.071352287027793393e+00,8.381965582050335817e-01,1.090607563296930094e+00,9.867978539937966032e-01,5.102657382888180493e-01,9.501479629357257872e-01,5.168542382504095478e-01,1.505428679635959943e+00,1.170237727732163613e+00,1.051708748174359886e+00
nan,nan,nan,nan,nan,nan,nan,1.046511879911735443e+00,8.735629851609394425e-01,8.687029953350491329e-01,1.034387499827343460e+00,8.237337658533683271e-01,7.893371019140905664e-01,1.136831312069759070e+00,9.225045346016405023e-01,9.803687002428109754e-01,6.409824974260920349e-01,1.289319951978520562e+00,7.243950722638710094e-01,1.094583223377929349e+00,1.028024768858368354e+00
nan,nan,nan,nan,nan,nan,nan,1.188952519130579422e+00,1.441799606835630243e+00,1.597501169440630253e+00,1.093403449893305623e+00,1.345989967046575586e+00,1.488223839192776232e+00,1.061072129558259247e+00,1.377902834301448109e+00,1.661325589635890720e+00,9.408599459405345700e-01,5.257251045133063405e-01,4.598901746982425043e-01,6.559052592658105585e-01,8.986565912790437372e-01
nan,nan,nan,nan,nan,nan,nan,1.255525449681250683e+00,1.539218802578106837e+00,1.181235950915723976e+00,1.273251949769944824e+00,1.621606951653465689e+00,1.201215606096059041e+00,1.343643378509514319e+00,1.840028718333192925e+00,1.382902300950131780e+00,1.063596616340523493e+00,1.288175511353454761e+00,5.381040562136932826e-01,1.122821072643106266e+00,1.098157342795375691e+00
nan,nan,nan,nan,nan,nan,nan,9.540196917808220212e-01,1.161100170103269491e+00,1.353869939927528243e+00,9.135358154672627018e-01,1.145651752856865935e+00,1.395987054252359361e+00,8.408242536548860002e-01,1.106924223681289066e+00,1.496936795628504457e+00,1.326311807820619304e+00,1.175915622785079995e+00,1.115773178529362308e+00,8.829719942287661549e-01,1.043427519090977862e+00
nan,nan,nan,nan,nan,nan,nan,9.989770622832531144e-01,1.268976204999955781e+00,1.317342458011045769e+00,9.350977886147417983e-01,1.224297467877185852e+00,1.264484108046196598e+00,8.302876910567401625e-01,1.147294062142372173e+00,1.143296474589463596e+00,1.440688336520076440e+00,1.174694691024359861e+00,4.879130220504450111e-01,7.701271291930351648e-01,9.971273625087700987e-01
nan,nan,nan,nan,nan,nan,nan,9.435449421380193158e-01,6.354230036350106969e-01,7.910398213396508948e-01,1.001615940066196808e+00,6.638750708393676980e-01,8.881302076329641304e-01,1.070033295455448563e+00,6.637321321466381763e-01,1.052719368750377971e+00,7.755280808889779554e-01,1.394731231634857016e+00,5.416300800754885181e-01,9.975188523533342622e-01,9.319954003665202880e-01
nan,nan,nan,nan,nan,nan,nan,8.121627005555722700e-01,5.343076394340333657e-01,5.502515647030075119e-01,8.193142975071642242e-01,4.936388251421195972e-01,4.908013414575033151e-01,7.976411024400632543e-01,3.518978383737276783e-01,1.970778094569328176e-01,3.992846006765700673e-01,1.177183883234471651e+00,2.180602620650647694e+00,1.411175431564586580e+00,1.039185525777974295e+00
nan,nan,nan,nan,nan,nan,nan,9.091665983383762084e-01,7.028700348878351711e-01,7.827113462812895772e-01,9.756355183393768948e-01,7.631276870402307066e-01,9.090893190618992703e-01,1.096116888335167738e+00,8.907902160988718787e-01,1.284975338200830874e+00,6.420379467568759768e-01,9.562578729796382682e-01,8.913817540134191253e-01,9.706671139569506002e-01,8.917654878581403599e-01
nan,nan,nan,nan,nan,nan,nan,8.840726618464000985e-01,7.214868117930266500e-01,8.014312562184472410e-01,9.232325243139282156e-01,7.502367746227061041e-01,8.701077512629797894e-01,9.102455077749597168e-01,6.789868527851858904e-01,8.017991425139480155e-01,1.015191199580932402e+00,8.483948020849949589e-01,1.133649577636285377e+00,9.678965784592152843e-01,8.846373521540766838e-01
nan,nan,nan,nan,nan,nan,nan,9.194262613525097105e-01,9.618449564854525402e-01,7.975358754206213208e-01,8.805135861845712064e-01,9.111516906995781317e-01,6.607200665381721683e-01,9.470800918604928009e-01,1.034047041111661569e+00,7.404305703198595934e-01,1.708053859245169726e+00,5.808135816316126743e-01,7.869677470086365867e-01,8.555276261432086526e-01,1.003159581254146948e+00
nan,nan,nan,nan,nan,nan,nan,9.034775909094356905e-01,6.834819860321840190e-01,6.998860052626485473e-01,9.087077407827801601e-01,6.506426365296574810e-01,6.540684731001391583e-01,9.240656138438300138e-01,5.915264313880503888e-01,5.391619218436705108e-01,1.586015590528018659e+00,1.123482621783536750e+00,1.394738191278059203e+00,1.188721127370680142e+00,1.117158024348658518e+00
nan,nan,nan,nan,nan,nan,nan,1.126929160479494874e+00,8.027397920426314615e-01,8.177782077702268060e-01,1.196367793416625691e+00,8.456461649245997636e-01,8.962624187512212570e-01,1.192965023217869902e+00,7.256079872744254367e-01,6.884880582746047972e-01,1.184782468010001422e+00,4.185923555955077813e-01,1.206183981384548964e+00,1.090433444201574398e+00,9.957012304209255094e-01
nan,nan,nan,nan,nan,nan,nan,1.236158103115155837e+00,1.123121972995217766e+00,1.188922281286698635e+00,1.282050136215872049e+00,1.170147345412290374e+00,1.291137855197148410e+00,1.327269745667041478e+00,1.207570792383781955e+00,1.464890565910033304e+00,1.154742756287689298e+00,1.153679379742269306e+00,1.186822655414043304e+00,1.221995603443554401e+00,1.243924613639170840e+00
nan,nan,nan,nan,nan,nan,nan,1.373465457972322223e+00,1.308160659051624375e+00,1.356024187840076944e+00,1.423242579627175486e+00,1.369735233689697518e+00,1.477403757020489428e+00,1.407078203419095619e+00,1.325837028489093017e+00,1.473705361297473093e+00,9.431657596705397273e-01,1.192363875073185531e+00,1.190055882737212301e+00,1.282564952524161139e+00,1.245828245309999360e+00
nan,nan,nan,nan,nan,nan,nan,7.030629280821918403e-01,6.225287692186132205e-01,7.322149837845876030e-01,7.209106549422108490e-01,6.316439221563930895e-01,7.853625723920424351e-01,7.325748869309052225e-01,6.197544961461604052e-01,8.721704190708026161e-01,3.952414024034824336e-01,7.120135438356818280e-01,1.323230691569914130e+00,8.687369215628192309e-01,8.413709860341531677e-01
nan,nan,nan,nan,nan,nan,nan,1.355500836735600512e+00,1.276078054397630224e+00,1.248871046751608649e+00,1.423143048196774840e+00,1.361470768396996878e+00,1.386132775508756021e+00,1.485249214720156363e+00,1.442903866445222949e+00,1.587130178766317901e+00,8.847101044271216130e-01,2.185837211915477418e+00,1.406720151358038073e+00,1.638531049746314361e+00,1.386232222690525706e+00
nan,nan,nan,nan,nan,nan,nan,1.100886148693677402e+00,1.072397013672328425e+00,1.012479766029721118e+00,1.131700801207702334e+00,1.112716671838841931e+00,1.064908573104786704e+00,1.195045944749340450e+00,1.210109053583212191e+00,1.246622221846208634e+00,4.475105162523900226e-01,8.784808180210657014e-01,1.184274111524015849e+00,1.104102664323164396e+00,1.007861553134243637e+00
nan,nan,nan,nan,nan,nan,nan,1.005465963420001163e+00,9.819229860381399888e-01,8.652163087926847407e-01,1.051491408299034980e+00,1.047016350775559879e+00,9.359619895710379334e-01,1.090825870330491387e+00,1.111902777945503962e+00,9.936131781136836594e-01,1.642807087796576360e+00,1.088143417283859105e+00,1.134136272492562547e+00,1.120512276805931240e+00,1.095034913266187848e+00
nan,nan,nan,nan,nan,nan,nan,7.061575287963107739e-01,9.094628338661834288e-01,1.070344045371511177e+00,5.631203956557172541e-01,7.354112360077134092e-01,8.383000009494745441e-01,5.971050823949897168e-01,8.472213810053587091e-01,1.150885371280637059e+00,4.613937343727018137e-01,2.381871300069193786e-01,2.111868011556927160e-01,2.906043522423433778e-01,6.038396059800774651e-01
nan,nan,nan,nan,nan,nan,nan,8.157734346430456362e-01,8.275888489115522662e-01,8.271909201459263228e-01,7.683233423343297508e-01,7.567947516401123398e-01,7.172536278304365576e-01,6.516189824342633052e-01,5.557998166982494048e-01,3.267214748526287571e-01,9.394530338314082130e-01,9.921093933074580651e-01,1.647345323558509600e+00,1.067622296918836478e+00,1.061793864473408178e+00
nan,nan,nan,nan,nan,nan,nan,1.079553724315068575e+00,1.286009043351735048e+00,1.006070665520762963e+00,1.103086492368320570e+00,1.364992822762973734e+00,1.037075936781795438e+00,1.035433760664724590e+00,1.344942430297839886e+00,7.571080091463259221e-01,1.906477496806518179e-01,7.318261776489988213e-01,7.527881541309102698e-01,9.284099486895284192e-01,8.879184083471048927e-01
nan,nan,nan,nan,nan,nan,nan,9.671221831507930133e-01,8.786997420801513359e-01,9.248690980972069653e-01,1.004695871623273229e+00,9.184979955082593905e-01,1.005757344848022816e+00,9.976430949675390014e-01,8.770675587007540353e-01,9.809691721330602299e-01,1.577710481529682518e+00,7.599484617309814061e-01,8.072552848511853618e-01,8.919009203209029568e-01,9.598364100671383792e-01
3.836718115353371927e-01,2.512736665007936354e-01,2.411306605134121983e-01,2.363805743448500474e-01,3.237065442886778999e-01,3.223326739614893466e-01,3.199427079676532837e-01,7.986860740683481286e-01,9.872813486412007622e-01,9.484148001191570199e-01,7.451207255313149203e-01,9.428430061023657105e-01,8.679535876892140456e-01,6.793697098235335075e-01,8.998554346682648974e-01,7.354224655030923152e-01,4.789304309457272923e-01,1.000573655605561552e+00,1.408812239625971019e+00,9.670728170325484374e-01,9.963378965315703439e-01
1.215678310316815836e+00,1.523660576763583574e+00,1.233953748791122518e+00,1.132083113937381258e+00,1.275639655497579517e+00,1.270225605328392238e+00,1.260807397847516942e+00,1.157814149699277095e+00,1.108208089260101614e+00,9.209998497150894137e-01,1.268414330250973387e+00,1.262633651664954781e+00,1.121629677973241979e+00,1.223957108649688985e+00,1.188045706234320154e+00,8.803120161761099904e-01,1.316957199588174809e+00,8.872542004009676964e-01,1.846096725592441201e+00,1.382758702244085924e+00,1.281296914334028036e+00
1.170268074735987263e+00,8.727755266462876582e-01,8.905139211727377546e-01,7.785383504124644416e-01,8.441315144276105853e-01,8.489621153316473379e-01,8.579174629202701574e-01,1.345374403512085815e+00,1.430010640092222785e+00,1.301748390938087363e+00,1.381183440894986347e+00,1.498580981395489786e+00,1.381098561945963032e+00,1.474810493595074323e+00,1.690007778156768170e+00,1.715149028333573300e+00,1.497844977202529737e+00,7.621008805909245121e-01,1.335931491964892581e+00,1.207694658407978405e+00,1.303427428340045768e+00
1.236555645816409754e+00,8.600744058197669073e-01,8.601606115982362022e-01,8.135533991021748346e-01,9.250163390478104430e-01,9.543303537895291289e-01,9.473018188601806111e-01,1.114297771571262752e+00,1.384536536121968364e+00,1.364836201496112178e+00,1.024594874890430773e+00,1.298836775117274467e+00,1.225963106028930438e+00,9.396689371955764258e-01,1.233031483743485701e+00,1.066713817683384802e+00,5.166771260677665012e-01,1.243383961608368393e+00,1.237967073387280958e+00,1.080071026683578905e+00,1.144310514739410367e+00
2.110804224207961433e+00,1.454183550152839288e+00,1.407590899065134682e+00,1.262964613120553192e+00,1.274834978311435441e+00,1.298094498835665966e+00,1.288469654816987386e+00,6.126808156194497590e-01,8.325853141363580567e-01,7.821572423751438352e-01,6.209481567185339834e-01,8.853702741813715971e-01,8.568852140340321721e-01,6.052240877144975384e-01,9.459625309612080812e-01,9.727214274232439672e-01,1.719245771436975989e+00,1.824088212855799807e+00,7.462669041558961380e-01,9.055449887721011004e-01,9.870807712827931457e-01
1.051584077985378229e+00,9.103101822231699503e-01,1.068664212151546167e+00,9.000769573494272757e-01,8.667630602879233814e-01,8.854946540801763577e-01,8.962945122331873460e-01,1.197055658720236782e+00,1.241367765466496520e+00,9.078596713693477538e-01,1.215179233762361033e+00,1.276344672964804028e+00,8.683328777521641673e-01,1.259298661216958992e+00,1.368457502255346903e+00,7.909965397338387660e-01,1.403260479482276724e+00,8.414285798771076186e-01,3.889762659614758311e-01,9.925269743426325952e-01,1.049499516770421970e+00
7.593013809910641454e-01,8.430605909812561860e-01,8.371706340453688444e-01,7.785113478337185589e-01,7.349217325705665882e-01,7.318025890777978271e-01,7.350461974235005247e-01,9.190022600710781031e-01,8.866126334291660749e-01,8.482539226082422834e-01,9.221729214384200013e-01,8.853282158338261487e-01,8.382655200346609270e-01,9.846511325305784545e-01,9.754733040271089672e-01,1.003077014187937488e+00,6.815767024562435772e-01,1.318006872039316324e+00,4.221073365318303017e-01,9.142693276704224603e-01,8.661014769380437350e-01
6.405361494719742366e-01,9.030117769721093257e-01,7.758311398729188513e-01,7.571570656702777402e-01,7.670303152179375195e-01,7.923833846616087362e-01,7.865475708111799857e-01,1.049150308720286251e+00,1.022747726232912324e+00,1.306340631648835959e+00,1.001116491705589695e+00,9.449866717041328634e-01,1.267995437951660254e+00,9.284568867557194682e-01,8.030722040407213269e-01,1.200817582341604295e+00,2.687956752427670543e-02,6.792136706185519790e-01,1.392881013852666161e+00,9.529445047667658431e-01,9.618396827191602050e-01
1.463038180341186045e+00,1.613563659628918234e+00,1.385364529428731117e+00,1.304602589547302127e+00,1.297391085685546841e+00,1.297393394596489280e+00,1.288121701899132443e+00,9.828132763341450584e-01,1.029372815986332901e+00,1.166752404466226967e+00,9.849260066720821882e-01,1.041667387912253551e+00,1.227202111295661702e+00,1.020256618208922994e+00,1.117675276342478874e+00,1.464234882205264654e+00,1.119761007006934150e-01,1.514577044183065491e+00,6.974480606783186598e-01,1.002953706612822682e+00,9.735265388344434001e-01
3.863525588952071432e-01,5.270491220587187886e-01,1.074704355350446727e+00,9.362874154481751754e-01,8.745835166907645064e-01,8.721736735358186499e-01,8.790042976254834883e-01,1.330107020547945496e+00,1.124431808864154281e+00,9.505774348813968988e-01,1.375281837877050384e+00,1.147110732186785498e+00,9.268482650987008853e-01,1.392398015091717456e+00,1.095854347067592771e+00,6.599206571502778118e-01,7.936266789031786173e-01,7.656270083473804000e-01,4.274272253070839911e-01,1.092771625404893809e+00,1.034974563364764899e+00
8.766856214459792795e-01,6.869031539536976094e-01,5.231171210912975988e-01,6.188180971282759568e-01,6.573458225938265675e-01,6.609660214838372072e-01,6.606202390613444830e-01,1.046499237673004457e+00,1.226649182589816256e+00,1.405972697094070911e+00,9.678151916650348241e-01,1.143503382242184285e+00,1.330032327106946521e+00,8.423126884312214235e-01,9.956120357412679978e-01,1.161101193749524363e+00,1.613051331078099615e+00,1.001022526331975193e+00,5.695044644998255023e-01,7.514912442304531037e-01,9.728703836931982263e-01
8.107229894394800684e-01,6.548659984360556408e-01,5.163713179204317827e-01,4.200962339722049688e-01,3.965863958574228354e-01,3.954029895590774335e-01,4.110723953971749944e-01,7.312021076304922040e-01,7.695639495422300635e-01,7.280861915468305190e-01,7.938038013569669316e-01,8.716705497134941139e-01,8.843998864468316512e-01,6.026842971003553151e-01,5.756196134787318064e-01,2.581434139680399698e-01,7.460206226849533939e-01,1.537708215533782674e+00,6.893831173086247821e-01,9.060429824066015270e-01,8.460146821324719957e-01
1.503655564581641624e+00,1.566929693609155683e+00,1.255297850319821995e+00,1.089446042097020229e+00,1.079348714402464049e+00,1.075118311340360844e+00,1.067146745281373876e+00,1.136448766243921993e+00,1.280232636295269399e+00,1.725479563737818411e+00,1.052758158124161625e+00,1.182975141413682874e+00,1.708219000783066654e+00,8.062035828400484494e-01,8.222850566944746031e-01,1.329049315138030041e+00,8.078246801000146249e-01,1.052071369854102434e+00,1.100552542838194592e+00,8.627837471805773761e-01,1.109104198049000178e+00
5.345247766043869087e-01,5.270491220587188996e-01,5.951577054242520592e-01,6.210053060067237674e-01,6.234739422895577698e-01,6.218794601497356078e-01,6.340406232848802004e-01,8.761956397279823117e-01,8.764569887904916090e-01,7.868803185275290435e-01,8.964653748434918690e-01,9.064835646492377386e-01,8.124737957540502098e-01,8.913849117594241367e-01,9.014453345404352946e-01,7.457550402287668190e-01,3.740350051478158466e-01,3.015595152905832244e-01,8.752156173975744746e-01,7.611631704997534609e-01,7.474078139305091462e-01
1.726238830219334108e+00,1.301627923508920759e+00,1.062725869118918975e+00,9.552972308855496308e-01,9.459231784748850513e-01,9.470165510679319221e-01,9.399948075852259111e-01,1.124695347323654282e+00,1.104531359200683349e+00,1.110021004532557143e+00,1.146999328938792306e+00,1.134971426310544373e+00,1.158893794616656203e+00,1.064662725666040144e+00,9.920579830771503183e-01,9.084705242822864735e-01,1.591118671846231347e+00,1.149147629371882529e+00,1.065556429314324927e+00,1.124117162056060160e+00,1.198603293581792739e+00
3.211210398050367010e-01,9.088410227245795614e-01,9.745335054571057087e-01,8.376656541490820063e-01,8.212759539490219751e-01,8.206014171611706320e-01,8.156256338516735260e-01,1.575232880629523713e+00,1.573318618997582075e+00,1.323927509770487898e+00,1.544544055177152098e+00,1.526520160359339462e+00,1.166335469925841695e+00,1.457799798161200977e+00,1.373873384295208888e+00,5.737595823934593664e-01,1.098007808589448464e+00,1.845317989265950587e+00,1.407349645492313561e+00,1.696029311320362831e+00,1.479330450384334306e+00
2.036230706742486518e+00,1.439444562925048743e+00,1.201208028639779934e+00,1.218221340137983555e+00,1.183755579304708538e+00,1.184515612089040326e+00,1.176659225376202933e+00,1.222415989614581200e+00,1.216351500963188448e+00,1.398426329610371832e+00,1.268940424954520196e+00,1.284041350565639616e+00,1.570605669761786949e+00,1.232076113969196918e+00,1.228685778405414153e+00,1.666054704354520855e+00,1.785820267686424545e+00,1.514367411630424209e+00,2.309703485766357645e+00,1.541474140978594809e+00,1.552663110674216584e+00
4.726238830219334219e-01,7.560958271131014152e-01,7.519978282631192279e-01,6.901859127546681183e-01,6.965235430942350314e-01,7.045596814983599021e-01,7.169235885933296082e-01,1.286524782219377272e+00,1.181126327950723365e+00,1.207524340993019640e+00,1.186030743430722456e+00,1.013059417329661205e+00,9.452253177866052347e-01,1.269038056253595670e+00,1.092344891121744155e+00,1.074179138571392356e+00,1.927331666421532308e+00,6.023437084173611789e-01,5.254945349362202256e-01,9.211856262976811927e-01,1.046379852828261958e+00
1.365962632006498811e+00,1.407075661714176862e+00,1.590288264137497798e+00,1.470290412734416519e+00,1.534217640032689900e+00,1.586774169316673921e+00,1.583011799781227413e+00,1.390608333691530030e+00,1.412895183043827219e+00,1.050079673946753056e+00,1.381723754374304836e+00,1.403865582722911176e+00,9.301571580130398864e-01,1.529153247687411454e+00,1.652184896987239249e+00,1.135474073384715732e+00,9.788074716870127645e-01,1.594266400932042638e+00,1.535364560851653515e+00,1.629774035421406975e+00,1.353004618375966528e+00
7.722177091795289217e-01,1.372858463069594803e+00,1.169815749325196386e+00,1.061073627053036317e+00,9.987682871650491734e-01,1.001126718245323843e+00,1.004225702443524160e+00,1.111758474002319419e+00,1.002834398822107564e+00,9.106829627006616246e-01,1.079077112077265532e+00,9.344103074194828329e-01,7.746137512886617227e-01,1.142408864043454653e+00,9.907586571841160428e-01,7.910549158622323107e-01,7.762423885865568085e-01,1.300541720138860269e+00,9.439882644598028838e-01,1.199340641010959052e+00,1.047678651693977558e+00
9.021121039805037878e-01,6.462880026539652434e-01,5.914250326608865294e-01,5.429948560087488607e-01,5.848242911925565224e-01,5.824423466960461093e-01,5.841336632933821216e-01,6.892476455479452646e-01,7.979244717630061823e-01,9.791200596569725745e-01,6.502134615573136323e-01,7.635403599660414153e-01,9.863343885435442715e-01,5.543919510840675802e-01,6.455101976083990056e-01,9.017635705300897087e-01,9.979784951570696006e-01,5.289257108861150636e-01,7.131078579841830800e-01,5.276541464020561012e-01,7.283583379238092181e-01
1.673679935012185593e+00,1.552190706381364915e+00,1.376711515295474753e+00,1.323315376618466876e+00,1.250418054944363533e+00,1.247439717555149041e+00,1.238190458186942733e+00,1.066967022178459956e+00,9.218910703121137029e-01,1.015065584258401321e+00,1.123994224739532255e+00,9.794758268145395963e-01,1.142111341372550548e+00,1.123782910663407186e+00,9.319602548940226772e-01,1.165070770480291840e+00,1.135907045153699002e+00,1.173878562430880734e+00,1.323721304073866456e+00,1.192587719516627676e+00,1.094600944048508939e+00
5.837530463038183015e-01,5.205089926778984077e-01,4.845687914623593717e-01,5.849028582229603979e-01,6.309172062613942478e-01,6.397576182487417773e-01,7.002095811187284413e-01,1.233313599400685634e+00,1.250369359578048956e+00,1.481594687332817184e+00,1.299539230414855195e+00,1.351460881681156190e+00,1.723769893364023309e+00,1.228647710462430043e+00,1.252478490527544119e+00,1.788002436568837616e+00,2.326047948227680240e-01,5.830422671815768121e-01,1.256660365594492124e+00,9.664193085008389028e-01,9.865332384276385147e-01
1.055564581640942690e+00,1.168834861733134112e+00,1.107180579073549165e+00,9.829843283782693231e-01,9.431401136192243406e-01,9.396079020506270529e-01,9.326877963102711000e-01,9.484302055420230637e-01,8.233751803679254522e-01,7.935220533868510007e-01,9.076225333130735207e-01,7.375270239069747769e-01,6.413712043110360028e-01,9.454780957224478977e-01,7.431940133885622801e-01,5.828342278340982174e-01,7.278506356992692217e-01,1.049649613926455949e+00,1.381046616777846126e+00,1.160443463185565793e+00,1.072646901327621416e+00
4.696994313566207335e-01,4.830217293429066028e-01,4.172110147779908296e-01,3.691252514615147584e-01,4.529075249889986110e-01,4.509853018504145217e-01,4.859374192204265475e-01,8.127442435371972085e-01,9.572227710655437649e-01,1.297553032791555205e+00,6.788043553328939606e-01,7.857761071935093211e-01,1.125043288539793185e+00,5.828797663519862393e-01,6.638250361014859102e-01,1.112707383311195786e+00,1.150683335784674188e+00,3.444470728779178148e-01,7.179666555860410027e-01,4.621176663894960290e-01,7.559264064909382297e-01
9.561332250203088412e-01,1.150020141702802645e+00,1.079217496055243419e+00,1.085341650127587210e+00,1.039064562771106592e+00,1.034829857024813782e+00,1.027157013507898231e+00,1.175422913873200192e+00,8.560505267517407590e-01,9.114109886870325195e-01,1.196452365892110015e+00,8.264312191358406112e-01,8.821391445109764140e-01,1.222905308162184346e+00,7.659090511990063188e-01,7.999608373786761817e-01,1.171781400245839100e+00,8.826412560380767491e-01,1.528624337282159518e+00,1.279741962616305351e+00,1.124589515574957233e+00
1.061575954508529707e+00,9.917300537901939661e-01,8.811483058755658071e-01,9.000769573494267206e-01,8.788835104042242996e-01,8.755039186719083544e-01,8.701862701778502185e-01,9.568717893835618771e-01,1.010531196283668276e+00,8.365490803247893625e-01,1.015057494926918213e+00,1.107977141450398939e+00,9.346340053045700813e-01,1.023022144615594708e+00,1.153392330383480768e+00,9.035510763229324116e-01,4.584413329530092618e-01,2.465837437247751840e+00,1.284469123338381369e+00,1.495067697335103807e+00,1.182487065660002612e+00
1.189114541023558180e+00,1.486742020331271563e+00,1.650443442251915194e+00,1.568398698959706294e+00,1.628751696747272826e+00,1.634267257567791232e+00,1.627709199925652772e+00,1.065282752857940718e+00,9.874835972026003716e-01,1.098519714505590716e+00,1.113201027965144085e+00,1.044980374871439466e+00,1.229576616015976898e+00,1.119845362872785799e+00,1.032835388312582259e+00,1.339236174129482260e+00,1.507132846130743831e+00,9.863367970263532403e-01,1.438999777204041708e+00,1.139398195160883143e+00,1.117275719866107409e+00
1.173192526401300118e+00,1.043577166417857249e+00,8.777549669997791737e-01,1.055044756774272008e+00,1.096624127742502841e+00,1.096001201892981225e+00,1.087874797673591853e+00,9.490528615346159880e-01,1.001964422270892552e+00,1.162035048888484301e+00,8.782084667528461397e-01,9.069462064722388916e-01,1.059736435882739025e+00,8.670449525347647679e-01,8.980702839345998667e-01,1.156022470579277428e+00,6.814143256361230305e-01,9.017812893648983197e-01,1.097509505357564974e+00,8.929322741101080041e-01,9.253814585001929327e-01
7.174654752233959876e-01,5.611241439776307738e-01,4.735743735048099645e-01,4.801058501086854502e-01,6.232979191550889198e-01,6.516763903147456682e-01,6.630640650156264249e-01,1.094792589625345425e+00,1.120689589576514322e+00,1.339374684755411771e+00,1.043715016733467671e+00,1.049923558953335778e+00,1.295344526804413698e+00,9.528232671393981335e-01,9.033141642147409778e-01,1.168981971082665883e+00,1.223509339608765956e+00,9.870259209538060352e-01,6.114603437640058203e-01,8.288666543848555168e-01,1.057693409614422153e+00
1.181640942323314736e+00,9.703561526978028429e-01,9.046302108960111443e-01,1.113208311393738326e+00,1.170654428867793584e+00,1.212910333775696570e+00,1.207048672038922410e+00,1.223882489307374755e+00,1.398975558224385685e+00,1.686956149310543385e+00,1.207202500554532154e+00,1.406599375313372091e+00,1.793938555009802149e+00,1.084091890960686255e+00,1.270357890844408200e+00,1.791154747502093914e+00,1.371434622738637810e+00,9.826188265490181095e-01,1.410866289925396089e+00,1.024331056219160541e+00,1.180321669185742328e+00
5.662063363119417270e-01,7.978957844600835791e-01,7.085687461230237849e-01,1.064111179806994212e+00,1.075461263888190411e+00,1.072210120433661373e+00,1.071439386994203380e+00,1.390330382862605241e+00,1.418419485931716517e+00,1.614990603235435085e+00,1.422143253908369820e+00,1.472875395963827216e+00,1.758670159919905496e+00,1.408467369546159809e+00,1.464148941408564442e+00,1.892311559110716246e+00,8.869917898023431668e-01,7.008638904806634429e-01,7.563557494736308229e-01,9.276864496557186701e-01,1.087776573331976193e+00
1.321121039805037034e+00,1.026421174853676233e+00,1.042773036529292652e+00,9.473044675766535416e-01,9.012384484818003472e-01,8.989909106843279041e-01,8.923252606208769144e-01,7.229969907859751244e-01,7.704973957771895643e-01,9.192847661960669159e-01,6.390770958272361524e-01,6.551428797170312235e-01,7.791652320440636270e-01,5.628039905934548726e-01,5.356567920203761934e-01,6.215306390070982623e-01,1.819757023091630899e+00,1.182651944810782396e+00,1.376556042331297469e+00,9.532511115868930185e-01,1.104622068630059850e+00
3.224207961007312107e-01,3.548731072723395052e-01,6.417482481888051593e-01,5.763430407603928884e-01,6.062739674357201514e-01,6.156947191827129018e-01,6.291011621556903410e-01,1.312593078482656717e+00,1.588364127036867357e+00,1.504761507789767361e+00,1.322061771236960226e+00,1.653229525320476512e+00,1.592432088838827697e+00,1.339362969976980677e+00,1.789613610499236396e+00,1.852099425545055356e+00,5.368177673187233268e-01,5.702698546936265656e-01,3.862375322289092194e-01,7.725124353337747829e-01,9.398656125173651121e-01
nan,nan,nan,nan,nan,nan,nan,3.359674942757748806e-01,2.798483755153596819e-01,nan,3.778639661284385887e-01,3.314618370064790209e-01,nan,4.532827024494200940e-01,4.396491541254515245e-01,nan,1.641792028239446921e+00,9.638886753286692866e-01,1.134102031062135696e+00,8.714645188434516632e-01,6.381495426827327178e-01
